Yahoo_Ticker,Ticker,Name,Sector,Country,Currency_Yahoo
MMM,MMM,3M Company,Industrials,USA,EURUSD=X
ABT,ABT,Abbott Laboratories,Health Care,USA,EURUSD=X
ABBV,ABBV,AbbVie Inc.,Health Care,USA,EURUSD=X
ABMD,ABMD,ABIOMED Inc,Health Care,USA,EURUSD=X
ACN,ACN,Accenture plc,Information Technology,USA,EURUSD=X
ATVI,ATVI,Activision Blizzard,Communication Services,USA,EURUSD=X
ADBE,ADBE,Adobe Inc.,Information Technology,USA,EURUSD=X
AMD,AMD,Advanced Micro Devices Inc,Information Technology,USA,EURUSD=X
AAP,AAP,Advance Auto Parts,Consumer Discretionary,USA,EURUSD=X
AES,AES,AES Corp,Utilities,USA,EURUSD=X
AFL,AFL,AFLAC Inc,Financials,USA,EURUSD=X
A,A,Agilent Technologies Inc,Health Care,USA,EURUSD=X
APD,APD,Air Products & Chemicals Inc,Materials,USA,EURUSD=X
AKAM,AKAM,Akamai Technologies Inc,Information Technology,USA,EURUSD=X
ALK,ALK,Alaska Air Group Inc,Industrials,USA,EURUSD=X
ALB,ALB,Albemarle Corp,Materials,USA,EURUSD=X
ARE,ARE,Alexandria Real Estate Equities,Real Estate,USA,EURUSD=X
ALXN,ALXN,Alexion Pharmaceuticals,Health Care,USA,EURUSD=X
ALGN,ALGN,Align Technology,Health Care,USA,EURUSD=X
ALLE,ALLE,Allegion,Industrials,USA,EURUSD=X
AGN,AGN,"Allergan, plc",Health Care,USA,EURUSD=X
ADS,ADS,Alliance Data Systems,Information Technology,USA,EURUSD=X
LNT,LNT,Alliant Energy Corp,Utilities,USA,EURUSD=X
ALL,ALL,Allstate Corp,Financials,USA,EURUSD=X
GOOGL,GOOGL,Alphabet Inc Class A,Communication Services,USA,EURUSD=X
GOOG,GOOG,Alphabet Inc Class C,Communication Services,USA,EURUSD=X
MO,MO,Altria Group Inc,Consumer Staples,USA,EURUSD=X
AMZN,AMZN,Amazon.com Inc.,Consumer Discretionary,USA,EURUSD=X
AMCR,AMCR,Amcor plc,Materials,USA,EURUSD=X
AEE,AEE,Ameren Corp,Utilities,USA,EURUSD=X
AAL,AAL,American Airlines Group,Industrials,USA,EURUSD=X
AEP,AEP,American Electric Power,Utilities,USA,EURUSD=X
AXP,AXP,American Express Co,Financials,USA,EURUSD=X
AIG,AIG,American International Group,Financials,USA,EURUSD=X
AMT,AMT,American Tower Corp.,Real Estate,USA,EURUSD=X
AWK,AWK,American Water Works Company Inc,Utilities,USA,EURUSD=X
AMP,AMP,Ameriprise Financial,Financials,USA,EURUSD=X
ABC,ABC,AmerisourceBergen Corp,Health Care,USA,EURUSD=X
AME,AME,AMETEK Inc.,Industrials,USA,EURUSD=X
AMGN,AMGN,Amgen Inc.,Health Care,USA,EURUSD=X
APH,APH,Amphenol Corp,Information Technology,USA,EURUSD=X
ADI,ADI,"Analog Devices, Inc.",Information Technology,USA,EURUSD=X
ANSS,ANSS,ANSYS,Information Technology,USA,EURUSD=X
ANTM,ANTM,Anthem,Health Care,USA,EURUSD=X
AON,AON,Aon plc,Financials,USA,EURUSD=X
AOS,AOS,A.O. Smith Corp,Industrials,USA,EURUSD=X
APA,APA,Apache Corporation,Energy,USA,EURUSD=X
AIV,AIV,Apartment Investment & Management,Real Estate,USA,EURUSD=X
AAPL,AAPL,Apple Inc.,Information Technology,USA,EURUSD=X
AMAT,AMAT,Applied Materials Inc.,Information Technology,USA,EURUSD=X
APTV,APTV,Aptiv PLC,Consumer Discretionary,USA,EURUSD=X
ADM,ADM,Archer-Daniels-Midland Co,Consumer Staples,USA,EURUSD=X
ARNC,ARNC,Arconic Inc.,Industrials,USA,EURUSD=X
ANET,ANET,Arista Networks,Information Technology,USA,EURUSD=X
AJG,AJG,Arthur J. Gallagher & Co.,Financials,USA,EURUSD=X
AIZ,AIZ,Assurant,Financials,USA,EURUSD=X
T,T,AT&T Inc.,Communication Services,USA,EURUSD=X
ATO,ATO,Atmos Energy,Utilities,USA,EURUSD=X
ADSK,ADSK,Autodesk Inc.,Information Technology,USA,EURUSD=X
ADP,ADP,Automatic Data Processing,Information Technology,USA,EURUSD=X
AZO,AZO,AutoZone Inc,Consumer Discretionary,USA,EURUSD=X
AVB,AVB,"AvalonBay Communities, Inc.",Real Estate,USA,EURUSD=X
AVY,AVY,Avery Dennison Corp,Materials,USA,EURUSD=X
BKR,BKR,Baker Hughes Co,Energy,USA,EURUSD=X
BLL,BLL,Ball Corp,Materials,USA,EURUSD=X
BAC,BAC,Bank of America Corp,Financials,USA,EURUSD=X
BK,BK,The Bank of New York Mellon Corp.,Financials,USA,EURUSD=X
BAX,BAX,Baxter International Inc.,Health Care,USA,EURUSD=X
BDX,BDX,Becton Dickinson,Health Care,USA,EURUSD=X
BRK-B,BRK.B,Berkshire Hathaway,Financials,USA,EURUSD=X
BBY,BBY,Best Buy Co. Inc.,Consumer Discretionary,USA,EURUSD=X
BIIB,BIIB,Biogen Inc.,Health Care,USA,EURUSD=X
BLK,BLK,BlackRock,Financials,USA,EURUSD=X
BA,BA,Boeing Company,Industrials,USA,EURUSD=X
BKNG,BKNG,Booking Holdings Inc,Consumer Discretionary,USA,EURUSD=X
BWA,BWA,BorgWarner,Consumer Discretionary,USA,EURUSD=X
BXP,BXP,Boston Properties,Real Estate,USA,EURUSD=X
BSX,BSX,Boston Scientific,Health Care,USA,EURUSD=X
BMY,BMY,Bristol-Myers Squibb,Health Care,USA,EURUSD=X
AVGO,AVGO,Broadcom Inc.,Information Technology,USA,EURUSD=X
BR,BR,Broadridge Financial Solutions,Information Technology,USA,EURUSD=X
BF-B,BF.B,Brown-Forman Corp.,Consumer Staples,USA,EURUSD=X
CHRW,CHRW,C. H. Robinson Worldwide,Industrials,USA,EURUSD=X
COG,COG,Cabot Oil & Gas,Energy,USA,EURUSD=X
CDNS,CDNS,Cadence Design Systems,Information Technology,USA,EURUSD=X
CPB,CPB,Campbell Soup,Consumer Staples,USA,EURUSD=X
COF,COF,Capital One Financial,Financials,USA,EURUSD=X
CPRI,CPRI,Capri Holdings,Consumer Discretionary,USA,EURUSD=X
CAH,CAH,Cardinal Health Inc.,Health Care,USA,EURUSD=X
KMX,KMX,Carmax Inc,Consumer Discretionary,USA,EURUSD=X
CCL,CCL,Carnival Corp.,Consumer Discretionary,USA,EURUSD=X
CAT,CAT,Caterpillar Inc.,Industrials,USA,EURUSD=X
CBOE,CBOE,Cboe Global Markets,Financials,USA,EURUSD=X
CBRE,CBRE,CBRE Group,Real Estate,USA,EURUSD=X
CDW,CDW,CDW,Information Technology,USA,EURUSD=X
CE,CE,Celanese,Materials,USA,EURUSD=X
CNC,CNC,Centene Corporation,Health Care,USA,EURUSD=X
CNP,CNP,CenterPoint Energy,Utilities,USA,EURUSD=X
CTL,CTL,CenturyLink Inc,Communication Services,USA,EURUSD=X
CERN,CERN,Cerner,Health Care,USA,EURUSD=X
CF,CF,CF Industries Holdings Inc,Materials,USA,EURUSD=X
SCHW,SCHW,Charles Schwab Corporation,Financials,USA,EURUSD=X
CHTR,CHTR,Charter Communications,Communication Services,USA,EURUSD=X
CVX,CVX,Chevron Corp.,Energy,USA,EURUSD=X
CMG,CMG,Chipotle Mexican Grill,Consumer Discretionary,USA,EURUSD=X
CB,CB,Chubb Limited,Financials,USA,EURUSD=X
CHD,CHD,Church & Dwight,Consumer Staples,USA,EURUSD=X
CI,CI,CIGNA Corp.,Health Care,USA,EURUSD=X
CINF,CINF,Cincinnati Financial,Financials,USA,EURUSD=X
CTAS,CTAS,Cintas Corporation,Industrials,USA,EURUSD=X
CSCO,CSCO,Cisco Systems,Information Technology,USA,EURUSD=X
C,C,Citigroup Inc.,Financials,USA,EURUSD=X
CFG,CFG,Citizens Financial Group,Financials,USA,EURUSD=X
CTXS,CTXS,Citrix Systems,Information Technology,USA,EURUSD=X
CLX,CLX,The Clorox Company,Consumer Staples,USA,EURUSD=X
CME,CME,CME Group Inc.,Financials,USA,EURUSD=X
CMS,CMS,CMS Energy,Utilities,USA,EURUSD=X
KO,KO,Coca-Cola Company,Consumer Staples,USA,EURUSD=X
CTSH,CTSH,Cognizant Technology Solutions,Information Technology,USA,EURUSD=X
CL,CL,Colgate-Palmolive,Consumer Staples,USA,EURUSD=X
CMCSA,CMCSA,Comcast Corp.,Communication Services,USA,EURUSD=X
CMA,CMA,Comerica Inc.,Financials,USA,EURUSD=X
CAG,CAG,Conagra Brands,Consumer Staples,USA,EURUSD=X
CXO,CXO,Concho Resources,Energy,USA,EURUSD=X
COP,COP,ConocoPhillips,Energy,USA,EURUSD=X
ED,ED,Consolidated Edison,Utilities,USA,EURUSD=X
STZ,STZ,Constellation Brands,Consumer Staples,USA,EURUSD=X
COO,COO,The Cooper Companies,Health Care,USA,EURUSD=X
CPRT,CPRT,Copart Inc,Industrials,USA,EURUSD=X
GLW,GLW,Corning Inc.,Information Technology,USA,EURUSD=X
CTVA,CTVA,Corteva,Materials,USA,EURUSD=X
COST,COST,Costco Wholesale Corp.,Consumer Staples,USA,EURUSD=X
COTY,COTY,"Coty, Inc",Consumer Staples,USA,EURUSD=X
CCI,CCI,Crown Castle International Corp.,Real Estate,USA,EURUSD=X
CSX,CSX,CSX Corp.,Industrials,USA,EURUSD=X
CMI,CMI,Cummins Inc.,Industrials,USA,EURUSD=X
CVS,CVS,CVS Health,Health Care,USA,EURUSD=X
DHI,DHI,D. R. Horton,Consumer Discretionary,USA,EURUSD=X
DHR,DHR,Danaher Corp.,Health Care,USA,EURUSD=X
DRI,DRI,Darden Restaurants,Consumer Discretionary,USA,EURUSD=X
DVA,DVA,DaVita Inc.,Health Care,USA,EURUSD=X
DE,DE,Deere & Co.,Industrials,USA,EURUSD=X
DAL,DAL,Delta Air Lines Inc.,Industrials,USA,EURUSD=X
XRAY,XRAY,Dentsply Sirona,Health Care,USA,EURUSD=X
DVN,DVN,Devon Energy,Energy,USA,EURUSD=X
FANG,FANG,Diamondback Energy,Energy,USA,EURUSD=X
DLR,DLR,Digital Realty Trust Inc,Real Estate,USA,EURUSD=X
DFS,DFS,Discover Financial Services,Financials,USA,EURUSD=X
DISCA,DISCA,Discovery Inc. Class A,Communication Services,USA,EURUSD=X
DISCK,DISCK,Discovery Inc. Class C,Communication Services,USA,EURUSD=X
DISH,DISH,Dish Network,Communication Services,USA,EURUSD=X
DG,DG,Dollar General,Consumer Discretionary,USA,EURUSD=X
DLTR,DLTR,Dollar Tree,Consumer Discretionary,USA,EURUSD=X
D,D,Dominion Energy,Utilities,USA,EURUSD=X
DOV,DOV,Dover Corporation,Industrials,USA,EURUSD=X
DOW,DOW,Dow Inc.,Materials,USA,EURUSD=X
DTE,DTE,DTE Energy Co.,Utilities,USA,EURUSD=X
DUK,DUK,Duke Energy,Utilities,USA,EURUSD=X
DRE,DRE,Duke Realty Corp,Real Estate,USA,EURUSD=X
DD,DD,DuPont de Nemours Inc,Materials,USA,EURUSD=X
DXC,DXC,DXC Technology,Information Technology,USA,EURUSD=X
ETFC,ETFC,E*Trade,Financials,USA,EURUSD=X
EMN,EMN,Eastman Chemical,Materials,USA,EURUSD=X
ETN,ETN,Eaton Corporation,Industrials,USA,EURUSD=X
EBAY,EBAY,eBay Inc.,Consumer Discretionary,USA,EURUSD=X
ECL,ECL,Ecolab Inc.,Materials,USA,EURUSD=X
EIX,EIX,Edison Int'l,Utilities,USA,EURUSD=X
EW,EW,Edwards Lifesciences,Health Care,USA,EURUSD=X
EA,EA,Electronic Arts,Communication Services,USA,EURUSD=X
EMR,EMR,Emerson Electric Company,Industrials,USA,EURUSD=X
ETR,ETR,Entergy Corp.,Utilities,USA,EURUSD=X
EOG,EOG,EOG Resources,Energy,USA,EURUSD=X
EFX,EFX,Equifax Inc.,Industrials,USA,EURUSD=X
EQIX,EQIX,Equinix,Real Estate,USA,EURUSD=X
EQR,EQR,Equity Residential,Real Estate,USA,EURUSD=X
ESS,ESS,"Essex Property Trust, Inc.",Real Estate,USA,EURUSD=X
EL,EL,Estée Lauder Companies,Consumer Staples,USA,EURUSD=X
EVRG,EVRG,Evergy,Utilities,USA,EURUSD=X
ES,ES,Eversource Energy,Utilities,USA,EURUSD=X
RE,RE,Everest Re Group Ltd.,Financials,USA,EURUSD=X
EXC,EXC,Exelon Corp.,Utilities,USA,EURUSD=X
EXPE,EXPE,Expedia Group,Consumer Discretionary,USA,EURUSD=X
EXPD,EXPD,Expeditors,Industrials,USA,EURUSD=X
EXR,EXR,Extra Space Storage,Real Estate,USA,EURUSD=X
XOM,XOM,Exxon Mobil Corp.,Energy,USA,EURUSD=X
FFIV,FFIV,F5 Networks,Information Technology,USA,EURUSD=X
FB,FB,"Facebook, Inc.",Communication Services,USA,EURUSD=X
FAST,FAST,Fastenal Co,Industrials,USA,EURUSD=X
FRT,FRT,Federal Realty Investment Trust,Real Estate,USA,EURUSD=X
FDX,FDX,FedEx Corporation,Industrials,USA,EURUSD=X
FIS,FIS,Fidelity National Information Services,Information Technology,USA,EURUSD=X
FITB,FITB,Fifth Third Bancorp,Financials,USA,EURUSD=X
FE,FE,FirstEnergy Corp,Utilities,USA,EURUSD=X
FRC,FRC,First Republic Bank,Financials,USA,EURUSD=X
FISV,FISV,Fiserv Inc,Information Technology,USA,EURUSD=X
FLT,FLT,FleetCor Technologies Inc,Information Technology,USA,EURUSD=X
FLIR,FLIR,FLIR Systems,Information Technology,USA,EURUSD=X
FLS,FLS,Flowserve Corporation,Industrials,USA,EURUSD=X
FMC,FMC,FMC Corporation,Materials,USA,EURUSD=X
F,F,Ford Motor Company,Consumer Discretionary,USA,EURUSD=X
FTNT,FTNT,Fortinet,Information Technology,USA,EURUSD=X
FTV,FTV,Fortive Corp,Industrials,USA,EURUSD=X
FBHS,FBHS,Fortune Brands Home & Security,Industrials,USA,EURUSD=X
FOXA,FOXA,Fox Corporation Class A,Communication Services,USA,EURUSD=X
FOX,FOX,Fox Corporation Class B,Communication Services,USA,EURUSD=X
BEN,BEN,Franklin Resources,Financials,USA,EURUSD=X
FCX,FCX,Freeport-McMoRan Inc.,Materials,USA,EURUSD=X
GPS,GPS,Gap Inc.,Consumer Discretionary,USA,EURUSD=X
GRMN,GRMN,Garmin Ltd.,Consumer Discretionary,USA,EURUSD=X
IT,IT,Gartner Inc,Information Technology,USA,EURUSD=X
GD,GD,General Dynamics,Industrials,USA,EURUSD=X
GE,GE,General Electric,Industrials,USA,EURUSD=X
GIS,GIS,General Mills,Consumer Staples,USA,EURUSD=X
GM,GM,General Motors,Consumer Discretionary,USA,EURUSD=X
GPC,GPC,Genuine Parts,Consumer Discretionary,USA,EURUSD=X
GILD,GILD,Gilead Sciences,Health Care,USA,EURUSD=X
GL,GL,Globe Life Inc.,Financials,USA,EURUSD=X
GPN,GPN,Global Payments Inc.,Information Technology,USA,EURUSD=X
GS,GS,Goldman Sachs Group,Financials,USA,EURUSD=X
GWW,GWW,Grainger (W.W.) Inc.,Industrials,USA,EURUSD=X
HRB,HRB,H&R Block,Consumer Discretionary,USA,EURUSD=X
HAL,HAL,Halliburton Co.,Energy,USA,EURUSD=X
HBI,HBI,Hanesbrands Inc,Consumer Discretionary,USA,EURUSD=X
HOG,HOG,Harley-Davidson,Consumer Discretionary,USA,EURUSD=X
HIG,HIG,Hartford Financial Svc.Gp.,Financials,USA,EURUSD=X
HAS,HAS,Hasbro Inc.,Consumer Discretionary,USA,EURUSD=X
HCA,HCA,HCA Healthcare,Health Care,USA,EURUSD=X
PEAK,PEAK,Healthpeak Properties,Real Estate,USA,EURUSD=X
HP,HP,Helmerich & Payne,Energy,USA,EURUSD=X
HSIC,HSIC,Henry Schein,Health Care,USA,EURUSD=X
HSY,HSY,The Hershey Company,Consumer Staples,USA,EURUSD=X
HES,HES,Hess Corporation,Energy,USA,EURUSD=X
HPE,HPE,Hewlett Packard Enterprise,Information Technology,USA,EURUSD=X
HLT,HLT,Hilton Worldwide Holdings Inc,Consumer Discretionary,USA,EURUSD=X
HFC,HFC,HollyFrontier Corp,Energy,USA,EURUSD=X
HOLX,HOLX,Hologic,Health Care,USA,EURUSD=X
HD,HD,Home Depot,Consumer Discretionary,USA,EURUSD=X
HON,HON,Honeywell Int'l Inc.,Industrials,USA,EURUSD=X
HRL,HRL,Hormel Foods Corp.,Consumer Staples,USA,EURUSD=X
HST,HST,Host Hotels & Resorts,Real Estate,USA,EURUSD=X
HWM,HWM,Howmet Aerospace,Industrials,USA,EURUSD=X
HPQ,HPQ,HP Inc.,Information Technology,USA,EURUSD=X
HUM,HUM,Humana Inc.,Health Care,USA,EURUSD=X
HBAN,HBAN,Huntington Bancshares,Financials,USA,EURUSD=X
HII,HII,Huntington Ingalls Industries,Industrials,USA,EURUSD=X
IEX,IEX,IDEX Corporation,Industrials,USA,EURUSD=X
IDXX,IDXX,IDEXX Laboratories,Health Care,USA,EURUSD=X
INFO,INFO,IHS Markit Ltd.,Industrials,USA,EURUSD=X
ITW,ITW,Illinois Tool Works,Industrials,USA,EURUSD=X
ILMN,ILMN,Illumina Inc,Health Care,USA,EURUSD=X
INCY,INCY,Incyte,Health Care,USA,EURUSD=X
IR,IR,Ingersoll Rand,Industrials,USA,EURUSD=X
INTC,INTC,Intel Corp.,Information Technology,USA,EURUSD=X
ICE,ICE,Intercontinental Exchange,Financials,USA,EURUSD=X
IBM,IBM,International Business Machines,Information Technology,USA,EURUSD=X
IP,IP,International Paper,Materials,USA,EURUSD=X
IPG,IPG,Interpublic Group,Communication Services,USA,EURUSD=X
IFF,IFF,Intl Flavors & Fragrances,Materials,USA,EURUSD=X
INTU,INTU,Intuit Inc.,Information Technology,USA,EURUSD=X
ISRG,ISRG,Intuitive Surgical Inc.,Health Care,USA,EURUSD=X
IVZ,IVZ,Invesco Ltd.,Financials,USA,EURUSD=X
IPGP,IPGP,IPG Photonics Corp.,Information Technology,USA,EURUSD=X
IQV,IQV,IQVIA Holdings Inc.,Health Care,USA,EURUSD=X
IRM,IRM,Iron Mountain Incorporated,Real Estate,USA,EURUSD=X
JKHY,JKHY,Jack Henry & Associates,Information Technology,USA,EURUSD=X
J,J,Jacobs Engineering Group,Industrials,USA,EURUSD=X
JBHT,JBHT,J. B. Hunt Transport Services,Industrials,USA,EURUSD=X
SJM,SJM,JM Smucker,Consumer Staples,USA,EURUSD=X
JNJ,JNJ,Johnson & Johnson,Health Care,USA,EURUSD=X
JCI,JCI,Johnson Controls International,Industrials,USA,EURUSD=X
JPM,JPM,JPMorgan Chase & Co.,Financials,USA,EURUSD=X
JNPR,JNPR,Juniper Networks,Information Technology,USA,EURUSD=X
KSU,KSU,Kansas City Southern,Industrials,USA,EURUSD=X
K,K,Kellogg Co.,Consumer Staples,USA,EURUSD=X
KEY,KEY,KeyCorp,Financials,USA,EURUSD=X
KEYS,KEYS,Keysight Technologies,Information Technology,USA,EURUSD=X
KMB,KMB,Kimberly-Clark,Consumer Staples,USA,EURUSD=X
KIM,KIM,Kimco Realty,Real Estate,USA,EURUSD=X
KMI,KMI,Kinder Morgan,Energy,USA,EURUSD=X
KLAC,KLAC,KLA Corporation,Information Technology,USA,EURUSD=X
KSS,KSS,Kohl's Corp.,Consumer Discretionary,USA,EURUSD=X
KHC,KHC,Kraft Heinz Co,Consumer Staples,USA,EURUSD=X
KR,KR,Kroger Co.,Consumer Staples,USA,EURUSD=X
LB,LB,L Brands Inc.,Consumer Discretionary,USA,EURUSD=X
LHX,LHX,L3Harris Technologies,Industrials,USA,EURUSD=X
LH,LH,Laboratory Corp. of America Holding,Health Care,USA,EURUSD=X
LRCX,LRCX,Lam Research,Information Technology,USA,EURUSD=X
LW,LW,Lamb Weston Holdings Inc,Consumer Staples,USA,EURUSD=X
LVS,LVS,Las Vegas Sands,Consumer Discretionary,USA,EURUSD=X
LEG,LEG,Leggett & Platt,Consumer Discretionary,USA,EURUSD=X
LDOS,LDOS,Leidos Holdings,Information Technology,USA,EURUSD=X
LEN,LEN,Lennar Corp.,Consumer Discretionary,USA,EURUSD=X
LLY,LLY,Lilly (Eli) & Co.,Health Care,USA,EURUSD=X
LNC,LNC,Lincoln National,Financials,USA,EURUSD=X
LIN,LIN,Linde plc,Materials,USA,EURUSD=X
LYV,LYV,Live Nation Entertainment,Communication Services,USA,EURUSD=X
LKQ,LKQ,LKQ Corporation,Consumer Discretionary,USA,EURUSD=X
LMT,LMT,Lockheed Martin Corp.,Industrials,USA,EURUSD=X
L,L,Loews Corp.,Financials,USA,EURUSD=X
LOW,LOW,Lowe's Cos.,Consumer Discretionary,USA,EURUSD=X
LYB,LYB,LyondellBasell,Materials,USA,EURUSD=X
MTB,MTB,M&T Bank Corp.,Financials,USA,EURUSD=X
M,M,Macy's Inc.,Consumer Discretionary,USA,EURUSD=X
MRO,MRO,Marathon Oil Corp.,Energy,USA,EURUSD=X
MPC,MPC,Marathon Petroleum,Energy,USA,EURUSD=X
MKTX,MKTX,MarketAxess,Financials,USA,EURUSD=X
MAR,MAR,Marriott Int'l.,Consumer Discretionary,USA,EURUSD=X
MMC,MMC,Marsh & McLennan,Financials,USA,EURUSD=X
MLM,MLM,Martin Marietta Materials,Materials,USA,EURUSD=X
MAS,MAS,Masco Corp.,Industrials,USA,EURUSD=X
MA,MA,Mastercard Inc.,Information Technology,USA,EURUSD=X
MKC,MKC,McCormick & Co.,Consumer Staples,USA,EURUSD=X
MXIM,MXIM,Maxim Integrated Products Inc,Information Technology,USA,EURUSD=X
MCD,MCD,McDonald's Corp.,Consumer Discretionary,USA,EURUSD=X
MCK,MCK,McKesson Corp.,Health Care,USA,EURUSD=X
MDT,MDT,Medtronic plc,Health Care,USA,EURUSD=X
MRK,MRK,Merck & Co.,Health Care,USA,EURUSD=X
MET,MET,MetLife Inc.,Financials,USA,EURUSD=X
MTD,MTD,Mettler Toledo,Health Care,USA,EURUSD=X
MGM,MGM,MGM Resorts International,Consumer Discretionary,USA,EURUSD=X
MCHP,MCHP,Microchip Technology,Information Technology,USA,EURUSD=X
MU,MU,Micron Technology,Information Technology,USA,EURUSD=X
MSFT,MSFT,Microsoft Corp.,Information Technology,USA,EURUSD=X
MAA,MAA,Mid-America Apartments,Real Estate,USA,EURUSD=X
MHK,MHK,Mohawk Industries,Consumer Discretionary,USA,EURUSD=X
TAP,TAP,Molson Coors Brewing Company,Consumer Staples,USA,EURUSD=X
MDLZ,MDLZ,Mondelez International,Consumer Staples,USA,EURUSD=X
MNST,MNST,Monster Beverage,Consumer Staples,USA,EURUSD=X
MCO,MCO,Moody's Corp,Financials,USA,EURUSD=X
MS,MS,Morgan Stanley,Financials,USA,EURUSD=X
MOS,MOS,The Mosaic Company,Materials,USA,EURUSD=X
MSI,MSI,Motorola Solutions Inc.,Information Technology,USA,EURUSD=X
MSCI,MSCI,MSCI Inc,Financials,USA,EURUSD=X
MYL,MYL,Mylan N.V.,Health Care,USA,EURUSD=X
NDAQ,NDAQ,"Nasdaq, Inc.",Financials,USA,EURUSD=X
NOV,NOV,National Oilwell Varco Inc.,Energy,USA,EURUSD=X
NTAP,NTAP,NetApp,Information Technology,USA,EURUSD=X
NFLX,NFLX,Netflix Inc.,Communication Services,USA,EURUSD=X
NWL,NWL,Newell Brands,Consumer Discretionary,USA,EURUSD=X
NEM,NEM,Newmont Corporation,Materials,USA,EURUSD=X
NWSA,NWSA,News Corp. Class A,Communication Services,USA,EURUSD=X
NWS,NWS,News Corp. Class B,Communication Services,USA,EURUSD=X
NEE,NEE,NextEra Energy,Utilities,USA,EURUSD=X
NLSN,NLSN,Nielsen Holdings,Industrials,USA,EURUSD=X
NKE,NKE,Nike,Consumer Discretionary,USA,EURUSD=X
NI,NI,NiSource Inc.,Utilities,USA,EURUSD=X
NBL,NBL,Noble Energy Inc,Energy,USA,EURUSD=X
JWN,JWN,Nordstrom,Consumer Discretionary,USA,EURUSD=X
NSC,NSC,Norfolk Southern Corp.,Industrials,USA,EURUSD=X
NTRS,NTRS,Northern Trust Corp.,Financials,USA,EURUSD=X
NOC,NOC,Northrop Grumman,Industrials,USA,EURUSD=X
NLOK,NLOK,NortonLifeLock,Information Technology,USA,EURUSD=X
NCLH,NCLH,Norwegian Cruise Line Holdings,Consumer Discretionary,USA,EURUSD=X
NRG,NRG,NRG Energy,Utilities,USA,EURUSD=X
NUE,NUE,Nucor Corp.,Materials,USA,EURUSD=X
NVDA,NVDA,Nvidia Corporation,Information Technology,USA,EURUSD=X
NVR,NVR,NVR Inc,Consumer Discretionary,USA,EURUSD=X
ORLY,ORLY,O'Reilly Automotive,Consumer Discretionary,USA,EURUSD=X
OXY,OXY,Occidental Petroleum,Energy,USA,EURUSD=X
ODFL,ODFL,Old Dominion Freight Line,Industrials,USA,EURUSD=X
OMC,OMC,Omnicom Group,Communication Services,USA,EURUSD=X
OKE,OKE,ONEOK,Energy,USA,EURUSD=X
ORCL,ORCL,Oracle Corp.,Information Technology,USA,EURUSD=X
PCAR,PCAR,PACCAR Inc.,Industrials,USA,EURUSD=X
PKG,PKG,Packaging Corporation of America,Materials,USA,EURUSD=X
PH,PH,Parker-Hannifin,Industrials,USA,EURUSD=X
PAYX,PAYX,Paychex Inc.,Information Technology,USA,EURUSD=X
PAYC,PAYC,Paycom,Information Technology,USA,EURUSD=X
PYPL,PYPL,PayPal,Information Technology,USA,EURUSD=X
PNR,PNR,Pentair plc,Industrials,USA,EURUSD=X
PBCT,PBCT,People's United Financial,Financials,USA,EURUSD=X
PEP,PEP,PepsiCo Inc.,Consumer Staples,USA,EURUSD=X
PKI,PKI,PerkinElmer,Health Care,USA,EURUSD=X
PRGO,PRGO,Perrigo,Health Care,USA,EURUSD=X
PFE,PFE,Pfizer Inc.,Health Care,USA,EURUSD=X
PM,PM,Philip Morris International,Consumer Staples,USA,EURUSD=X
PSX,PSX,Phillips 66,Energy,USA,EURUSD=X
PNW,PNW,Pinnacle West Capital,Utilities,USA,EURUSD=X
PXD,PXD,Pioneer Natural Resources,Energy,USA,EURUSD=X
PNC,PNC,PNC Financial Services,Financials,USA,EURUSD=X
PPG,PPG,PPG Industries,Materials,USA,EURUSD=X
PPL,PPL,PPL Corp.,Utilities,USA,EURUSD=X
PFG,PFG,Principal Financial Group,Financials,USA,EURUSD=X
PG,PG,Procter & Gamble,Consumer Staples,USA,EURUSD=X
PGR,PGR,Progressive Corp.,Financials,USA,EURUSD=X
PLD,PLD,Prologis,Real Estate,USA,EURUSD=X
PRU,PRU,Prudential Financial,Financials,USA,EURUSD=X
PEG,PEG,Public Serv. Enterprise Inc.,Utilities,USA,EURUSD=X
PSA,PSA,Public Storage,Real Estate,USA,EURUSD=X
PHM,PHM,PulteGroup,Consumer Discretionary,USA,EURUSD=X
PVH,PVH,PVH Corp.,Consumer Discretionary,USA,EURUSD=X
QRVO,QRVO,Qorvo,Information Technology,USA,EURUSD=X
PWR,PWR,Quanta Services Inc.,Industrials,USA,EURUSD=X
QCOM,QCOM,QUALCOMM Inc.,Information Technology,USA,EURUSD=X
DGX,DGX,Quest Diagnostics,Health Care,USA,EURUSD=X
RL,RL,Ralph Lauren Corporation,Consumer Discretionary,USA,EURUSD=X
RJF,RJF,Raymond James Financial Inc.,Financials,USA,EURUSD=X
RTX,RTX,Raytheon Co.,Industrials,USA,EURUSD=X
O,O,Realty Income Corporation,Real Estate,USA,EURUSD=X
REG,REG,Regency Centers Corporation,Real Estate,USA,EURUSD=X
REGN,REGN,Regeneron Pharmaceuticals,Health Care,USA,EURUSD=X
RF,RF,Regions Financial Corp.,Financials,USA,EURUSD=X
RSG,RSG,Republic Services Inc,Industrials,USA,EURUSD=X
RMD,RMD,ResMed,Health Care,USA,EURUSD=X
RHI,RHI,Robert Half International,Industrials,USA,EURUSD=X
ROK,ROK,Rockwell Automation Inc.,Industrials,USA,EURUSD=X
ROL,ROL,Rollins Inc.,Industrials,USA,EURUSD=X
ROP,ROP,Roper Technologies,Industrials,USA,EURUSD=X
ROST,ROST,Ross Stores,Consumer Discretionary,USA,EURUSD=X
RCL,RCL,Royal Caribbean Cruises Ltd,Consumer Discretionary,USA,EURUSD=X
SPGI,SPGI,"S&P Global, Inc.",Financials,USA,EURUSD=X
CRM,CRM,Salesforce.com,Information Technology,USA,EURUSD=X
SBAC,SBAC,SBA Communications,Real Estate,USA,EURUSD=X
SLB,SLB,Schlumberger Ltd.,Energy,USA,EURUSD=X
STX,STX,Seagate Technology,Information Technology,USA,EURUSD=X
SEE,SEE,Sealed Air,Materials,USA,EURUSD=X
SRE,SRE,Sempra Energy,Utilities,USA,EURUSD=X
NOW,NOW,ServiceNow,Information Technology,USA,EURUSD=X
SHW,SHW,Sherwin-Williams,Materials,USA,EURUSD=X
SPG,SPG,Simon Property Group Inc,Real Estate,USA,EURUSD=X
SWKS,SWKS,Skyworks Solutions,Information Technology,USA,EURUSD=X
SLG,SLG,SL Green Realty,Real Estate,USA,EURUSD=X
SNA,SNA,Snap-on,Industrials,USA,EURUSD=X
SO,SO,Southern Company,Utilities,USA,EURUSD=X
LUV,LUV,Southwest Airlines,Industrials,USA,EURUSD=X
SWK,SWK,Stanley Black & Decker,Industrials,USA,EURUSD=X
SBUX,SBUX,Starbucks Corp.,Consumer Discretionary,USA,EURUSD=X
STT,STT,State Street Corp.,Financials,USA,EURUSD=X
STE,STE,STERIS plc,Health Care,USA,EURUSD=X
SYK,SYK,Stryker Corp.,Health Care,USA,EURUSD=X
SIVB,SIVB,SVB Financial,Financials,USA,EURUSD=X
SYF,SYF,Synchrony Financial,Financials,USA,EURUSD=X
SNPS,SNPS,Synopsys Inc.,Information Technology,USA,EURUSD=X
SYY,SYY,Sysco Corp.,Consumer Staples,USA,EURUSD=X
TMUS,TMUS,T-Mobile US,Communication Services,USA,EURUSD=X
TROW,TROW,T. Rowe Price Group,Financials,USA,EURUSD=X
TTWO,TTWO,Take-Two Interactive,Communication Services,USA,EURUSD=X
TPR,TPR,"Tapestry, Inc.",Consumer Discretionary,USA,EURUSD=X
TGT,TGT,Target Corp.,Consumer Discretionary,USA,EURUSD=X
TEL,TEL,TE Connectivity Ltd.,Information Technology,USA,EURUSD=X
FTI,FTI,TechnipFMC,Energy,USA,EURUSD=X
TFX,TFX,Teleflex,Health Care,USA,EURUSD=X
TXN,TXN,Texas Instruments,Information Technology,USA,EURUSD=X
TXT,TXT,Textron Inc.,Industrials,USA,EURUSD=X
TMO,TMO,Thermo Fisher Scientific,Health Care,USA,EURUSD=X
TIF,TIF,Tiffany & Co.,Consumer Discretionary,USA,EURUSD=X
TJX,TJX,TJX Companies Inc.,Consumer Discretionary,USA,EURUSD=X
TSCO,TSCO,Tractor Supply Company,Consumer Discretionary,USA,EURUSD=X
TT,TT,Trane Technologies plc,Industrials,USA,EURUSD=X
TDG,TDG,TransDigm Group,Industrials,USA,EURUSD=X
TRV,TRV,The Travelers Companies Inc.,Financials,USA,EURUSD=X
TFC,TFC,Truist Financial,Financials,USA,EURUSD=X
TWTR,TWTR,"Twitter, Inc.",Communication Services,USA,EURUSD=X
TSN,TSN,Tyson Foods,Consumer Staples,USA,EURUSD=X
UDR,UDR,"UDR, Inc.",Real Estate,USA,EURUSD=X
ULTA,ULTA,Ulta Beauty,Consumer Discretionary,USA,EURUSD=X
USB,USB,U.S. Bancorp,Financials,USA,EURUSD=X
UAA,UAA,Under Armour Class A,Consumer Discretionary,USA,EURUSD=X
UA,UA,Under Armour Class C,Consumer Discretionary,USA,EURUSD=X
UNP,UNP,Union Pacific Corp,Industrials,USA,EURUSD=X
UAL,UAL,United Airlines Holdings,Industrials,USA,EURUSD=X
UNH,UNH,United Health Group Inc.,Health Care,USA,EURUSD=X
UPS,UPS,United Parcel Service,Industrials,USA,EURUSD=X
URI,URI,"United Rentals, Inc.",Industrials,USA,EURUSD=X
UHS,UHS,"Universal Health Services, Inc.",Health Care,USA,EURUSD=X
UNM,UNM,Unum Group,Financials,USA,EURUSD=X
VFC,VFC,V.F. Corp.,Consumer Discretionary,USA,EURUSD=X
VLO,VLO,Valero Energy,Energy,USA,EURUSD=X
VAR,VAR,Varian Medical Systems,Health Care,USA,EURUSD=X
VTR,VTR,Ventas Inc,Real Estate,USA,EURUSD=X
VRSN,VRSN,Verisign Inc.,Information Technology,USA,EURUSD=X
VRSK,VRSK,Verisk Analytics,Industrials,USA,EURUSD=X
VZ,VZ,Verizon Communications,Communication Services,USA,EURUSD=X
VRTX,VRTX,Vertex Pharmaceuticals Inc,Health Care,USA,EURUSD=X
VIAC,VIAC,ViacomCBS,Communication Services,USA,EURUSD=X
V,V,Visa Inc.,Information Technology,USA,EURUSD=X
VNO,VNO,Vornado Realty Trust,Real Estate,USA,EURUSD=X
VMC,VMC,Vulcan Materials,Materials,USA,EURUSD=X
WRB,WRB,W. R. Berkley Corporation,Financials,USA,EURUSD=X
WAB,WAB,Wabtec Corporation,Industrials,USA,EURUSD=X
WMT,WMT,Walmart,Consumer Staples,USA,EURUSD=X
WBA,WBA,Walgreens Boots Alliance,Consumer Staples,USA,EURUSD=X
DIS,DIS,The Walt Disney Company,Communication Services,USA,EURUSD=X
WM,WM,Waste Management Inc.,Industrials,USA,EURUSD=X
WAT,WAT,Waters Corporation,Health Care,USA,EURUSD=X
WEC,WEC,Wec Energy Group Inc,Utilities,USA,EURUSD=X
WFC,WFC,Wells Fargo,Financials,USA,EURUSD=X
WELL,WELL,Welltower Inc.,Real Estate,USA,EURUSD=X
WDC,WDC,Western Digital,Information Technology,USA,EURUSD=X
WU,WU,Western Union Co,Information Technology,USA,EURUSD=X
WRK,WRK,WestRock,Materials,USA,EURUSD=X
WY,WY,Weyerhaeuser,Real Estate,USA,EURUSD=X
WHR,WHR,Whirlpool Corp.,Consumer Discretionary,USA,EURUSD=X
WMB,WMB,Williams Cos.,Energy,USA,EURUSD=X
WLTW,WLTW,Willis Towers Watson,Financials,USA,EURUSD=X
WYNN,WYNN,Wynn Resorts Ltd,Consumer Discretionary,USA,EURUSD=X
XEL,XEL,Xcel Energy Inc,Utilities,USA,EURUSD=X
XRX,XRX,Xerox,Information Technology,USA,EURUSD=X
XLNX,XLNX,Xilinx,Information Technology,USA,EURUSD=X
XYL,XYL,Xylem Inc.,Industrials,USA,EURUSD=X
YUM,YUM,Yum! Brands Inc,Consumer Discretionary,USA,EURUSD=X
ZBRA,ZBRA,Zebra Technologies,Information Technology,USA,EURUSD=X
ZBH,ZBH,Zimmer Biomet Holdings,Health Care,USA,EURUSD=X
ZION,ZION,Zions Bancorp,Financials,USA,EURUSD=X
ZTS,ZTS,Zoetis,Health Care,USA,EURUSD=X
