Code,ARG,ARG,ARM,ARM,AUT,AUT,AUS,AUS,BLR,BLR,BEL,BEL,BOL,BOL,BRA,BRA,CAN,CAN,CHL,CHL,CHN,CHN,COL,COL,CRI,CRI,CYP,CYP,CZE,CZE,DNK,DNK,DOM,DOM,ECU,ECU,SLV,SLV,EST,EST,FIN,FIN,FRA,FRA,GEO,GEO,DEU,DEU,GRC,GRC,HND,HND,HUN,HUN,ISL,ISL,IDN,IDN,IRN,IRN,IRL,IRL,ISR,ISR,ITA,ITA,KAZ,KAZ,XKX,XKX,KGZ,KGZ,LVA,LVA,LTU,LTU,LUX,LUX,MYS,MYS,MEX,MEX,MDA,MDA,NLD,NLD,NOR,NOR,PAK,PAK,PAN,PAN,PRY,PRY,PER,PER,POL,POL,PRT,PRT,ROU,ROU,RUS,RUS,SVK,SVK,SVN,SVN,ESP,ESP,SWE,SWE,THA,THA,TUR,TUR,UKR,UKR,GBR,GBR,USA,USA,URY,URY
Country,Argentina,Argentina,Armenia,Armenia,Austria,Austria,Australia,Australia,Belarus,Belarus,Belgium,Belgium,Bolivia,Bolivia,Brazil,Brazil,Canada,Canada,Chile,Chile,China,China,Colombia,Colombia,Costa Rica,Costa Rica,Cyprus,Cyprus,Czech Republic,Czech Republic,Denmark,Denmark,Dominican Republic,Dominican Republic,Ecuador,Ecuador,El Salvador,El Salvador,Estonia,Estonia,Finland,Finland,France,France,Georgia,Georgia,Germany,Germany,Greece,Greece,Honduras,Honduras,Hungary,Hungary,Iceland,Iceland,Indonesia,Indonesia,Iran,Iran,Ireland,Ireland,Israel,Israel,Italy,Italy,Kazakhstan,Kazakhstan,Kosovo,Kosovo,Kyrgyzstan ,Kyrgyzstan ,Latvia,Latvia,Lithuania,Lithuania,Luxembourg,Luxembourg,Malaysia,Malaysia,Mexico,Mexico,Moldova,Moldova,Netherlands,Netherlands,Norway,Norway,Pakistan,Pakistan,Panama,Panama,Paraguay,Paraguay,Peru,Peru,Poland,Poland,Portugal,Portugal,Romania,Romania,Russia,Russia,Slovakia,Slovakia,Slovenia,Slovenia,Spain,Spain,Sweden,Sweden,Thailand,Thailand,Turkey,Turkey,Ukraine,Ukraine,United Kingdom,United Kingdom,United States of America,United States of America,Uruguay,Uruguay
Metric,Gini Index,GNI per capita PPP,Gini Index,GNI per capita PPP,Gini Index,GNI per capita PPP,Gini Index,GNI per capita PPP,Gini Index,GNI per capita PPP,Gini Index,GNI per capita PPP,Gini Index,GNI per capita PPP,Gini Index,GNI per capita PPP,Gini Index,GNI per capita PPP,Gini Index,GNI per capita PPP,Gini Index,GNI per capita PPP,Gini Index,GNI per capita PPP,Gini Index,GNI per capita PPP,Gini Index,GNI per capita PPP,Gini Index,GNI per capita PPP,Gini Index,GNI per capita PPP,Gini Index,GNI per capita PPP,Gini Index,GNI per capita PPP,Gini Index,GNI per capita PPP,Gini Index,GNI per capita PPP,Gini Index,GNI per capita PPP,Gini Index,GNI per capita PPP,Gini Index,GNI per capita PPP,Gini Index,GNI per capita PPP,Gini Index,GNI per capita PPP,Gini Index,GNI per capita PPP,Gini Index,GNI per capita PPP,Gini Index,GNI per capita PPP,Gini Index,GNI per capita PPP,Gini Index,GNI per capita PPP,Gini Index,GNI per capita PPP,Gini Index,GNI per capita PPP,Gini Index,GNI per capita PPP,Gini Index,GNI per capita PPP,Gini Index,GNI per capita PPP,Gini Index,GNI per capita PPP,Gini Index,GNI per capita PPP,Gini Index,GNI per capita PPP,Gini Index,GNI per capita PPP,Gini Index,GNI per capita PPP,Gini Index,GNI per capita PPP,Gini Index,GNI per capita PPP,Gini Index,GNI per capita PPP,Gini Index,GNI per capita PPP,Gini Index,GNI per capita PPP,Gini Index,GNI per capita PPP,Gini Index,GNI per capita PPP,Gini Index,GNI per capita PPP,Gini Index,GNI per capita PPP,Gini Index,GNI per capita PPP,Gini Index,GNI per capita PPP,Gini Index,GNI per capita PPP,Gini Index,GNI per capita PPP,Gini Index,GNI per capita PPP,Gini Index,GNI per capita PPP,Gini Index,GNI per capita PPP,Gini Index,GNI per capita PPP,Gini Index,GNI per capita PPP,Gini Index,GNI per capita PPP,Gini Index,GNI per capita PPP,Gini Index,GNI per capita PPP,Gini Index,GNI per capita PPP
Full Name,"Argentina, GINI Index","Argentina, GNI per capita PPP$","Armenia, GINI Index","Armenia, GNI per capita PPP$","Austria, GINI Index","Austria, GNI per capita PPP$","Australia, GINI Index","Australia, GNI per capita PPP$","Belarus, GINI Index","Belarus, GNI per capita PPP$","Belgium, GINI Index","Belgium, GNI per capita PPP$","Bolivia, GINI Index","Bolivia, GNI per capita PPP$","Brazil, GINI Index","Brazil, GNI per capita PPP$","Canada, GINI Index","Canada, GNI per capita PPP$","Chile, GINI Index","Chile, GNI per capita PPP$","China, GINI Index","China, GNI per capita PPP$","Colombia, GINI Index","Colombia, GNI per capita PPP$","Costa Rica, GINI Index","Costa Rica, GNI per capita PPP$","Cyprus, GINI Index","Cyprus, GNI per capita PPP$","Czech Republic, GINI Index","Czech Republic, GNI per capita PPP$","Denmark, GINI Index","Denmark, GNI per capita PPP$","Dominican Republic, GINI Index","Dominican Republic, GNI per capita PPP$","Ecuador, GINI Index","Ecuador, GNI per capita PPP$","El Salvador, GINI Index","El Salvador, GNI per capita PPP$","Estonia, GINI Index","Estonia, GNI per capita PPP$","Finland, GINI Index","Finland, GNI per capita PPP$","France, GINI Index","France, GNI per capita PPP$","Georgia, GINI Index","Georgia, GNI per capita PPP$","Germany, GINI Index","Germany, GNI per capita PPP$","Greece, GINI Index","Greece, GNI per capita PPP$","Honduras, GINI Index","Honduras, GNI per capita PPP$","Hungary, GINI Index","Hungary, GNI per capita PPP$","Iceland, GINI Index","Iceland, GNI per capita PPP$","Indonesia, GINI Index","Indonesia, GNI per capita PPP$","Iran, GINI Index","Iran, GNI per capita PPP$","Ireland, GINI Index","Ireland, GNI per capita PPP$","Israel, GINI Index","Israel, GNI per capita PPP$","Italy, GINI Index","Italy, GNI per capita PPP$","Kazakhstan, GINI Index","Kazakhstan, GNI per capita PPP$","Kosovo, GINI Index","Kosovo, GNI per capita PPP$","Kyrgyzstan , GINI Index","Kyrgyzstan , GNI per capita PPP$","Latvia, GINI Index","Latvia, GNI per capita PPP$","Lithuania, GINI Index","Lithuania, GNI per capita PPP$","Luxembourg, GINI Index","Luxembourg, GNI per capita PPP$","Malaysia, GINI Index","Malaysia, GNI per capita PPP$","Mexico, GINI Index","Mexico, GNI per capita PPP$","Moldova, GINI Index","Moldova, GNI per capita PPP$","Netherlands, GINI Index","Netherlands, GNI per capita PPP$","Norway, GINI Index","Norway, GNI per capita PPP$","Pakistan, GINI Index","Pakistan, GNI per capita PPP$","Panama, GINI Index","Panama, GNI per capita PPP$","Paraguay, GINI Index","Paraguay, GNI per capita PPP$","Peru, GINI Index","Peru, GNI per capita PPP$","Poland, GINI Index","Poland, GNI per capita PPP$","Portugal, GINI Index","Portugal, GNI per capita PPP$","Romania, GINI Index","Romania, GNI per capita PPP$","Russia, GINI Index","Russia, GNI per capita PPP$","Slovakia, GINI Index","Slovakia, GNI per capita PPP$","Slovenia, GINI Index","Slovenia, GNI per capita PPP$","Spain, GINI Index","Spain, GNI per capita PPP$","Sweden, GINI Index","Sweden, GNI per capita PPP$","Thailand, GINI Index","Thailand, GNI per capita PPP$","Turkey, GINI Index","Turkey, GNI per capita PPP$","Ukraine, GINI Index","Ukraine, GNI per capita PPP$","United Kingdom, GINI Index","United Kingdom, GNI per capita PPP$","United States of America, GINI Index","United States of America, GNI per capita PPP$","Uruguay, GINI Index","Uruguay, GNI per capita PPP$"
1990-01,NaN,7.06,NaN,2.34,NaN,19.53,33.2,16.72,NaN,5.43,NaN,18.72,NaN,2.28,60.5,6.53,NaN,19.52,57.2,4.27,32.2,0.99,NaN,4.77,45.3,4.8,NaN,13.53,NaN,NaN,NaN,17.59,50.5,3.42,NaN,4.46,NaN,2.85,NaN,NaN,NaN,17.83,NaN,17.69,NaN,NaN,NaN,19.71,NaN,13.58,57.4,1.96,25,NaN,NaN,21.48,31.2,2.85,43.6,7.4,NaN,12.76,NaN,14.63,NaN,18.38,NaN,NaN,NaN,NaN,NaN,NaN,NaN,NaN,NaN,NaN,NaN,28.74,46.2,6.56,54.3,6.28,NaN,NaN,NaN,19.01,NaN,17.92,33.2,2.07,58.9,4.92,40.8,NaN,NaN,3.2,NaN,NaN,NaN,11.76,23.3,5.25,NaN,7.99,NaN,NaN,NaN,NaN,NaN,13.51,NaN,19.89,45.3,4.26,NaN,6.04,NaN,6.94,NaN,17.02,NaN,23.64,NaN,6.15
1991-01,46.8,7.96,NaN,2.24,NaN,20.57,33.2,17.07,NaN,5.54,NaN,19.71,NaN,2.44,60.5,6.76,31,19.56,57.2,4.7,32.2,1.1,NaN,4.97,46.6,5.04,NaN,13.74,NaN,NaN,NaN,18.37,50.5,3.53,NaN,4.77,54,2.95,NaN,NaN,NaN,17.06,NaN,18.36,NaN,NaN,29.2,21.11,NaN,14.36,51.9,1.9,25,NaN,NaN,22.06,31.2,3.1,43.6,8.39,NaN,13.42,NaN,15.49,NaN,19.24,NaN,NaN,NaN,NaN,NaN,2.11,NaN,NaN,NaN,NaN,NaN,32.08,46.2,7.17,54.3,6.69,NaN,NaN,NaN,20.06,NaN,18.94,33.2,2.14,58.2,5.3,40.8,NaN,NaN,3.44,NaN,5.72,NaN,12.74,23.3,4.79,NaN,7.82,NaN,NaN,NaN,NaN,NaN,14.29,NaN,20.05,45.3,4.72,NaN,6.19,NaN,6.55,NaN,17.39,38.2,24.1,NaN,6.63
1992-01,45.5,8.78,NaN,1.13,NaN,21.31,33.2,17.48,NaN,5.11,NaN,20.38,NaN,2.51,53.2,6.79,31,19.89,54.8,5.39,32.2,1.27,51.5,5.2,45.7,5.5,NaN,14.91,NaN,11.72,NaN,19.18,51.4,3.94,NaN,4.93,54,3.21,NaN,NaN,NaN,16.55,NaN,19.01,NaN,2.44,29.2,21.83,NaN,14.72,51.8,1.99,25,NaN,NaN,21.62,31.2,3.33,43.6,8.65,NaN,13.91,35.5,16.45,NaN,19.79,NaN,NaN,NaN,NaN,NaN,1.84,NaN,NaN,NaN,NaN,NaN,32.8,47.7,7.76,53.7,7,NaN,NaN,NaN,20.63,NaN,20.16,33.2,2.27,58.2,5.83,40.8,NaN,NaN,3.42,NaN,5.92,NaN,13.25,25.5,4.49,NaN,6.79,NaN,NaN,NaN,NaN,NaN,14.66,NaN,19.9,47.9,5.12,NaN,6.61,29.7,5.9,NaN,18.02,38.2,25.09,NaN,7.31
1993-01,44.9,9.65,NaN,1.19,NaN,21.76,33.2,18.61,NaN,4.83,NaN,20.78,NaN,2.63,60.1,7.12,31,20.71,54.8,5.91,32.2,1.46,51.5,5.56,46,5.89,NaN,15.03,26.6,12.08,NaN,19.7,51.4,4.18,NaN,5.07,54,3.44,NaN,NaN,NaN,16.63,NaN,19.27,NaN,1.73,29.2,21.9,NaN,14.7,53.5,2.15,27.9,8.2,NaN,22.15,32,3.6,43.6,8.83,NaN,14.62,35.5,17.06,NaN,20.12,NaN,7.01,NaN,NaN,NaN,1.59,27,NaN,33.6,NaN,NaN,33.87,47.7,8.56,53.7,8.36,NaN,NaN,NaN,21.39,NaN,21.07,33.2,2.29,58.2,6.3,40.8,NaN,NaN,3.6,NaN,6.31,NaN,13.28,25.5,4.67,48.4,6.35,NaN,NaN,29.2,NaN,NaN,14.84,NaN,19.72,47.9,5.66,NaN,7.2,28.9,5.06,NaN,18.85,38.2,25.91,NaN,7.63
1994-01,45.9,10.29,NaN,1.43,NaN,22.64,33.2,19.61,NaN,4.35,NaN,22.01,NaN,2.76,60.1,7.43,31.3,21.82,56.4,6.27,32.2,1.67,51.5,5.96,46.8,6.21,NaN,15.87,26.6,12.69,NaN,21.18,51.4,4.33,53.4,5.3,54,3.65,NaN,NaN,NaN,17.72,NaN,20.04,NaN,1.61,29.2,22.75,NaN,15.24,55,2.14,27.9,8.6,NaN,23.08,32,3.94,43,8.65,NaN,15.8,35.5,18.22,NaN,20.96,NaN,6.33,NaN,NaN,NaN,1.28,27,NaN,33.6,NaN,NaN,34.13,47.7,9.31,54.3,8.8,NaN,NaN,NaN,22.51,NaN,22.61,33.2,2.35,58.2,6.56,40.8,NaN,NaN,4.03,NaN,6.97,NaN,13.6,28.2,4.97,48.4,5.71,NaN,NaN,29.2,NaN,NaN,15.24,NaN,21.13,43.5,6.18,41.3,6.78,28.9,4.08,NaN,20.28,40.2,27.25,NaN,8.29
1995-01,48.9,10.04,NaN,1.59,NaN,23.57,32.6,20.17,NaN,3.98,NaN,22.9,NaN,2.89,59.6,7.98,31.3,22.67,56.4,7.07,32.2,1.84,51.5,6.3,45.7,6.41,NaN,16.21,26.6,13.65,NaN,22.25,51.4,4.59,53.4,5.44,49.9,3.86,NaN,NaN,NaN,18.98,NaN,20.81,NaN,1.7,29,23.5,NaN,15.82,55.5,2.25,27.9,8.78,NaN,23.53,32,4.28,43,9.08,NaN,17.3,35.5,19.39,NaN,22.09,NaN,6.02,NaN,NaN,NaN,1.22,31,5.53,33.6,5.91,NaN,37.5,48.5,10.2,54.3,8.17,NaN,2.27,NaN,23.77,NaN,24.03,33.2,2.46,57.8,6.55,58.2,5.75,NaN,4.32,NaN,7.56,NaN,14.5,28.2,5.39,48.4,5.57,NaN,8.69,29.2,13.67,NaN,16.13,NaN,22.43,43.5,6.74,41.3,7.35,39.3,3.65,NaN,19.92,40.2,28.45,NaN,8.3
1996-01,49.5,10.64,NaN,1.79,NaN,24.52,32.6,21.19,NaN,4.19,NaN,23.24,NaN,3.02,59.9,8.08,31.3,23.24,54.9,7.75,35.2,2.04,56.9,6.4,46.5,6.48,NaN,16.46,25.8,14.39,NaN,23.25,47.4,4.91,53.4,5.5,51,3.91,NaN,NaN,NaN,19.61,NaN,21.51,37.1,2.04,29,24.05,NaN,16.38,55.7,2.27,27.9,8.92,NaN,24.52,34.4,4.64,43,9.35,NaN,18.81,35.5,20.13,NaN,22.81,35.4,6.24,NaN,NaN,NaN,1.31,31.6,5.82,33.6,6.31,NaN,38.8,48.5,11.14,54.8,8.77,NaN,2.29,NaN,24.89,NaN,26.49,28.7,2.52,57.8,6.84,58.2,6.14,NaN,4.5,NaN,8.2,NaN,14.99,28.2,5.69,46.1,5.44,25.8,9.43,29.2,14.33,NaN,16.72,NaN,23.27,42.9,7.13,41.3,7.89,35.2,3.38,NaN,21.17,40.2,29.87,NaN,8.88
1997-01,49.1,11.55,NaN,1.96,NaN,25.31,32.6,22.16,NaN,4.75,NaN,24.31,58.2,3.17,59.8,8.32,31.6,24.47,54.9,8.37,35.2,2.26,56.9,6.62,45.6,6.79,NaN,16.8,25.8,14.54,NaN,24.47,48.9,5.35,53.4,5.74,51,4.05,NaN,NaN,NaN,21.47,NaN,22.51,40.7,2.51,29,24.52,NaN,17.32,52.7,2.38,27.9,9.23,NaN,26.45,34.4,4.85,43,9.54,NaN,20.45,38.1,20.69,NaN,23.76,35.4,6.53,NaN,NaN,NaN,1.42,31.6,6.52,33.6,6.94,NaN,41.28,49.1,11.77,54.8,9.46,36.9,2.36,NaN,26.27,NaN,28.31,28.7,2.51,58.2,7.18,54.9,6.14,53.7,4.8,NaN,8.86,NaN,15.77,28.2,5.51,38.4,5.58,25.8,10.08,29.2,15.27,NaN,17.7,NaN,24.16,42.9,6.94,41.3,8.49,35.2,3.37,NaN,22.66,40.8,31.5,NaN,9.79
1998-01,50.7,11.95,NaN,2.09,NaN,26.51,32.6,23.43,32,5.23,NaN,24.96,58.2,3.32,59.6,8.21,33.2,25.43,55.5,8.79,35.2,2.42,56.9,6.65,45.7,7.11,NaN,19.32,25.8,14.71,NaN,25.45,48.9,5.67,49.7,5.84,54.5,4.17,NaN,NaN,NaN,23.12,NaN,23.66,41.3,2.73,28.3,25.2,NaN,18.12,57.4,2.43,27.9,9.75,NaN,28.15,31.1,4.09,44.1,9.83,NaN,22.48,38.1,21.31,NaN,24.88,35.4,6.59,NaN,NaN,46.4,1.42,31.6,7.09,33.6,7.59,NaN,41.72,49.1,10.74,53.4,9.91,39.5,2.22,NaN,27.63,NaN,27.87,33.1,2.53,57.5,7.61,54.9,6.09,56.1,4.8,NaN,9.41,NaN,16.64,28.2,5.48,38.1,5.23,25.8,10.62,29.2,16.03,NaN,18.85,NaN,25.33,41.5,6.34,41.3,9,35.2,3.35,NaN,23.74,40.8,33.12,NaN,10.28
1999-01,49.8,11.57,36.2,2.2,NaN,27.17,32.6,24.47,31.7,5.53,NaN,26.03,58.1,3.3,59,8.17,33.2,26.9,55.5,8.72,38.7,2.63,58.7,6.36,47.7,7.21,NaN,18.53,25.8,15.06,NaN,26.37,48.9,5.98,58.6,5.39,52.2,4.24,NaN,NaN,NaN,24.52,NaN,24.79,40.1,2.91,28.3,26.11,NaN,18.26,55.4,2.4,27.9,10.17,NaN,28.98,31,4.03,44.1,9.78,NaN,23.54,38.1,21.61,NaN,25.55,35.4,6.8,NaN,NaN,46.4,1.46,31.6,7.32,33.6,7.64,NaN,46.24,49.1,11.1,53.4,10.22,42.6,2.18,NaN,29.67,NaN,30.3,33.1,2.58,56.5,7.77,54.6,5.95,56.3,4.86,NaN,9.96,NaN,17.66,28.2,5.53,37.4,5.68,25.8,10.64,29.2,17.07,NaN,19.77,NaN,27.25,43.1,6.71,41.3,8.64,35.2,3.39,NaN,24.33,40.8,34.72,NaN,10.24
2000-01,51.1,11.6,36.2,2.39,NaN,29.12,32.6,25.57,31.2,6.01,NaN,28.5,61.6,3.38,59,8.81,33.3,28.59,52.8,9.22,38.7,2.9,58.7,6.55,47.4,7.43,NaN,19.46,25.8,15.89,NaN,28.01,51.5,6.31,56.4,5.46,51.5,4.37,NaN,9.07,NaN,26.62,NaN,26.51,40.5,3.05,28.8,27.05,NaN,19.65,55.4,2.55,27.9,11.17,NaN,28.67,28.5,4.31,44.1,10.52,NaN,26.3,38.1,23.38,NaN,26.97,35.4,7.38,NaN,NaN,31,1.55,31.6,8.01,33.6,8.31,NaN,49.04,49.1,11.92,52.6,10.85,36.4,2.27,NaN,32.45,NaN,36.47,33.1,2.67,56.8,8.12,54.6,5.55,49.1,5,NaN,10.61,NaN,18.57,28.2,5.81,37.1,6.65,25.8,11.3,29.2,17.96,NaN,21.43,NaN,29.47,42.8,7.17,41.3,9.44,35.2,3.7,NaN,26.51,40.4,36.8,NaN,10.22
2001-01,53.3,11.18,35.4,2.7,NaN,29.31,33.5,26.57,30.6,6.46,NaN,29.34,57.4,3.45,58.4,8.97,33.3,29.36,52.8,9.64,38.7,3.18,57.2,6.68,51.6,7.72,NaN,21.24,25.8,17.08,NaN,29.02,50,6.51,56.4,5.8,51.4,4.47,NaN,9.81,NaN,27.8,NaN,28,39.6,3.22,30.3,28.18,NaN,21.12,55.6,2.6,27.9,12.45,NaN,30.82,29,4.65,44.1,10.72,NaN,27.8,38.9,23.88,NaN,27.96,36,8.69,NaN,NaN,30.2,1.69,31.6,9.05,33.6,9.32,NaN,50.29,49.1,12.09,52.6,10.92,38,2.59,NaN,33.04,NaN,37.82,30.4,2.71,56.9,8.15,54.6,5.63,51.3,5.11,NaN,11.07,NaN,19.2,28.2,6.48,36.9,7.26,25.8,12.37,29.2,18.94,NaN,22.64,NaN,29.79,42.8,7.45,41.3,8.99,35.2,4.23,NaN,27.96,40.4,37.7,NaN,10.02
2002-01,53.8,9.79,34.8,3.14,NaN,31,33.5,27.94,30.3,6.95,NaN,30.81,59.3,3.53,58.1,9.26,33.3,30.18,52.8,9.93,42,3.52,55.8,6.83,51.9,7.96,NaN,22.34,25.8,17.56,NaN,30.26,49.7,6.82,56.4,6.07,51.9,4.57,NaN,11.05,NaN,28.69,NaN,28.82,37.2,3.46,30,28.87,NaN,22.61,55.7,2.65,27.9,13.7,NaN,32.66,31.7,4.9,44.1,11.56,NaN,29.52,38.9,24.31,NaN,28.61,34.8,9.79,NaN,NaN,30.3,1.71,31.6,10.07,33.6,10.38,NaN,49.69,49.1,12.78,50.1,10.99,35.8,2.84,NaN,34.35,NaN,38.07,30.4,2.83,56.2,8.58,57.3,5.77,53.6,5.38,NaN,11.74,NaN,20.05,28.2,7.09,37.3,7.88,25.8,13.24,29.2,20.06,NaN,24.1,NaN,30.84,41.9,7.9,41.4,9.15,29,4.58,NaN,29.44,40.4,38.43,NaN,9.48
2003-01,51.2,10.85,33,3.66,29.5,32.03,33.5,28.86,28.8,7.66,28.1,31.49,59.3,3.58,57.6,9.44,33.3,31.54,51.5,10.18,42,3.93,53.4,7.07,49.3,8.33,NaN,23.26,25.8,18.78,25.6,30.51,52.1,6.6,53.4,6.23,50.4,4.67,37.2,12.36,27.7,28.85,31.4,28.51,36.7,3.94,30.3,29.57,32.8,23.8,58.1,2.74,27.9,14.64,26.8,32.4,31.8,5.12,44.1,12.64,32.9,31.24,38.9,22.96,34.9,29.02,33.7,10.74,29,NaN,28.7,1.85,31.6,10.96,33.6,11.77,30.2,48.96,49.1,13.66,50.1,11.28,34.9,3.25,NaN,34.47,27.6,38.77,30.4,3.03,55.8,8.66,54.9,5.59,53.1,5.6,NaN,12.14,38.7,20.62,28.2,7.38,40,8.97,25.8,13.43,29.2,20.86,31.8,24.81,25.3,32.12,41.9,8.51,42.2,9.43,28.7,5.17,NaN,30.65,40.4,39.74,NaN,9.29
2004-01,48.6,11.14,37.5,4.16,29.8,33.7,33.1,30.43,26.5,8.82,30.5,32.48,55,3.74,56.5,10.15,33.7,33.18,51.5,10.84,42,4.44,54.8,7.54,48.3,8.83,30.1,24.46,27.5,19.84,24.9,32.95,52.1,6.74,53.9,6.78,47.8,4.81,33.6,13.71,27.9,31.39,30.6,29.44,36.2,4.36,30.4,31.49,33.6,25.14,58.1,2.89,29.9,15.24,28,34.32,32.7,5.4,44.1,13.33,33.6,33.37,38.9,24.49,34.3,29.48,31.8,11.88,29,5.74,34.8,1.98,36.4,11.95,37,12.78,30.2,58.65,46.1,14.72,50,11.91,35,3.63,29.8,35.98,31.6,42.57,32.5,3.23,54.8,9.24,52.3,5.98,49.9,5.86,38,12.92,38.9,21.19,28.2,8.6,40.3,10.01,27.1,14.58,24.8,22.42,33.3,25.88,26.1,33.8,42.5,9.2,41.3,10.71,28.9,5.99,36,32.3,40.5,42.06,NaN,10
2005-01,48,12.34,36,4.97,28.7,34.94,33.1,31.36,27.6,10.02,29.3,33.59,58.5,3.97,56.3,10.69,33.7,35.58,51.5,11.64,40.9,5.05,53.7,8.11,47.5,9.37,30.3,26.32,26.9,20.97,25.2,34.43,50,7.72,53.1,7.29,48.5,5.07,33.4,15.87,27.6,32.19,29.8,31.02,37.4,4.93,32.3,32.06,34.6,25.62,59.5,3.1,34.7,16,29,35.47,33,5.8,43.6,14.02,33.7,35.02,41.7,24.62,33.8,30.18,39.8,12.93,31.2,6.27,32.6,2.04,39,13.69,35.3,14.33,30.8,63,46.1,15.8,50.1,12.39,36.3,4,29,37.11,30.6,48.3,32.7,3.5,53.8,9.99,51.4,6.23,50.4,6.29,35.8,13.65,38.5,22.42,28.2,9.32,41.3,11.54,29.3,16.16,24.6,23.63,32.4,27.23,26.8,34.5,42.5,9.81,42.6,11.76,29,6.41,34.3,33.11,40.5,44.57,NaN,11.24
2006-01,46.7,14.83,29.7,5.87,29.6,37.71,33.1,32.97,28.3,11.37,28.1,35.73,56.7,4.23,55.6,11.37,33.7,37.5,48.2,13.84,40.9,5.86,53.7,8.8,49.4,10.3,31.1,28.32,26.7,22.34,25.9,37.75,52,8.61,52.2,7.74,45.7,5.46,33.7,18.26,28,34.73,29.7,33.08,36.9,5.65,31.3,34.7,35.1,27.99,57.5,3.32,28.3,17.24,30.2,36.3,34.2,6.26,44.8,15.03,32.7,38.77,41.7,25.58,33.7,32.55,30.2,14.22,30.3,6.72,37.4,2.18,35.6,15.35,34.4,16.17,30.9,63.45,46.1,17.12,48.9,13.6,35.4,4.32,30,41.29,26.4,54.12,32.7,3.74,54.6,10.99,53,6.85,50.3,6.77,34.7,14.82,38.1,23.96,39.6,11.16,41,14.48,25.8,18.3,24.4,25.37,33.5,30.12,26.4,38.41,41.8,10.63,39.6,13.47,29.8,7.11,34.6,34.8,40.5,47.16,45.9,12.12
2007-01,46.6,16.55,31.2,6.97,30.6,39.35,33.1,34.93,29.6,12.67,29.2,37.27,54.5,4.46,54.9,12.3,33.8,38.96,48.2,15.05,40.9,6.86,53.7,9.5,49.3,11.32,31.1,30.75,26,24.46,26.2,39.16,48.9,9.36,53.3,8,45.2,5.69,31.2,20.45,28.3,37.91,32.4,34.77,38.1,6.46,31.3,36.78,34,28.54,55.8,3.6,27.9,17.66,29.5,38.75,35.7,6.75,44.8,16.55,31.9,40.43,41,27.45,32.9,34.13,30.1,15.6,30.3,7.37,33.9,2.42,37.5,17.59,34.8,18.38,31.1,72.7,46.1,18.48,48.9,14.05,34.4,4.48,29.6,43.88,27.1,55.72,31.6,3.93,52.7,12.27,53,7.66,50,7.51,34,16.22,36.7,24.97,37.5,13.24,42.3,16.28,24.7,20.54,24.4,26.91,34.1,31.64,27.1,41.82,39.8,11.48,38.4,14.71,27,7.91,35.7,35.43,41.1,48.28,46.4,13.24
2008-01,45.3,17.41,29.2,7.7,30.4,41.66,35.4,35.93,27.8,14.22,28.4,38.8,50.8,4.77,54,13.01,33.8,39.78,48.2,15.22,43,7.66,55.5,9.84,48.7,12,31.7,34.11,26.3,26.04,25.2,41.74,48.1,9.86,49.7,8.66,46.9,5.96,31.9,21.47,27.8,40.15,33,35.86,38.5,6.65,31.2,38.16,33.6,29.94,55.5,3.73,27.5,19.33,31.8,34.05,35.1,7.24,44.8,16.74,30.9,38.35,41,26.9,33.8,35.2,28.5,15.84,30.3,7.56,31.5,2.57,37.2,19.22,35.7,20.04,32.6,71.61,45.5,19.2,49.9,14.71,34.7,4.95,29.3,45.11,27,61.48,31.6,3.99,52.7,13.59,50.7,8.29,47.5,8.37,33.5,17.99,36.6,25.77,36.4,16.36,41.6,19.6,26,23.25,23.7,28.83,34.2,32.34,28.1,43.43,40.3,11.81,39,15.89,26.6,8.35,34.1,36.32,41.1,48.29,45.1,14.32
2009-01,44.1,16.24,28,6.59,31.5,40.91,35.4,38.89,27.7,14.26,28.5,38.46,49.2,4.85,53.7,12.99,33.8,38.23,49,15.06,43,8.34,54.4,9.96,50.6,11.66,32.1,32.24,26.2,25.65,26.7,40.74,48.9,9.92,48.4,8.66,45.8,5.79,31.4,19.88,27.5,38.45,32.7,35.48,38.2,6.53,30.5,37.65,33.6,29.69,51.3,3.56,27,19.78,28.7,33.6,35.1,7.54,42.1,16.79,32.7,34.79,41,26.84,33.8,34.59,28.2,16.38,31.8,7.62,29.9,2.64,35.9,18.11,37.2,18.48,31.2,55.73,45.5,18.9,49.9,14.31,32.9,4.52,27.9,44.13,26.2,55.74,31.6,4.07,51.8,13.56,49.1,8.19,47,8.51,33.4,18.67,34.9,25.58,35.6,16.38,39.8,18.76,27.2,22.9,24.8,27.09,34.9,31.48,27.3,41.1,39.6,11.78,39,15.31,25.3,7.12,34.3,34.74,41.1,46.94,45.6,14.95
2010-01,44.5,17.89,30,6.89,30.3,42.36,34.7,37.8,28.6,15.63,28.4,40.45,49.2,5,53.7,13.9,33.6,39.31,49,16.88,43.7,9.26,54.7,10.34,48.2,12.23,31.5,32.22,26.6,25.62,27.2,43.7,47.3,10.73,48.7,8.98,43.5,5.97,32,20.44,27.7,39.46,33.7,36.73,39.5,6.94,30.2,39.73,34.1,27.57,53.1,3.66,29.4,20.59,26.2,32.16,36.4,8.06,42.1,17.77,32.3,36.27,42.6,28.33,34.7,35.08,28,17.11,33.3,7.9,30.1,2.56,35,17.77,33.6,19.91,30.5,61.75,45.5,19.95,47.2,15.08,32.1,4.97,27.8,45.17,25.7,58.58,29.8,4.14,51.6,13.91,51,9.09,45.5,9.14,33.2,20.3,35.8,26.39,35.5,16.71,39.5,19.86,27.3,24.4,24.9,27.46,35.2,31.22,27.7,43.33,39.4,12.66,38.8,17.28,24.8,7.55,34.4,36.37,40.4,48.9,44.5,16.18
2011-01,42.7,19.25,29.4,7.27,30.8,44.6,34.7,40.28,27.2,16.82,28.1,41.01,46.1,5.26,52.9,14.67,33.6,40.88,47.6,19.11,42.4,10.26,53.5,11.15,48.7,12.85,32.6,33.14,26.4,26.62,27.3,45.34,47.7,11.13,45.9,9.73,42.3,6.29,32.5,23.31,27.6,41.07,33.3,38.44,39.6,7.68,30.5,43.63,34.8,25.43,56.2,3.76,29.2,21.79,26.8,34.55,39.7,8.61,42.1,18.4,32.9,36.45,42.6,30.13,35.1,36.51,28,18.21,27.8,8.41,27.8,2.61,35.8,19.77,32.5,22.15,32.1,63.53,43.9,21.29,47.2,16.26,30.6,5.36,27.7,47.25,25.3,62.73,30.9,4.28,51.3,16.09,52.3,9.67,44.7,9.84,33.2,22.03,36.3,26.34,35.9,17.61,39.7,23.59,26.5,24.9,24.9,28.54,35.7,31.31,27.6,45.42,37.5,13.21,40,19.48,24.6,8.09,33.2,37.31,40.4,50.81,42.2,17.38
2012-01,41.4,19.3,29.6,7.95,30.5,46.5,34.7,41.52,26.5,17.41,27.5,43.27,46.6,5.47,52.7,15.18,33.6,41.54,47.6,20.49,42.2,11.3,52.7,11.76,48.6,13.59,34.3,30.88,26.1,27.25,27.8,45.82,46.1,11.51,46.1,10.33,41.8,6.5,32.9,24.97,27.1,41.06,33.1,38.5,39,8.55,30.5,44.4,36.2,25.45,56.1,3.86,30.8,22.18,26.8,36.69,39.6,9.18,42.1,17.27,33.2,37.31,41.4,30.88,35.2,36.44,28.2,19.38,29,8.81,27.4,2.85,35.2,21.14,35.1,23.87,34.3,63.71,43.9,22.25,48.7,16.83,29.2,5.55,27.6,48.08,25.7,65.99,30.9,4.45,51.7,17.57,47.6,9.59,44.4,10.68,33,22.94,36,25.81,36.5,18.6,40.7,25,26.1,26.14,25.6,28.59,35.4,31.47,27.6,46.34,39.3,14.05,40.2,20.46,24.7,8.34,32.3,37.91,40.4,53.11,39.9,17.56
2013-01,41,19.93,30.6,8.49,30.8,48.05,34.7,44.76,26.6,17.65,27.7,44.75,47.6,5.84,52.8,15.92,34,43.62,47.3,21.47,39.7,12.26,52.8,12.44,49.3,13.91,37,29.33,26.5,28.67,28.5,48.21,47.7,12.04,46.9,10.87,43.4,6.7,35.1,26.86,27.2,41.66,32.5,40.41,38.6,8.96,31.1,46.04,36.1,26.07,52.6,3.95,31.5,23.8,25.4,42.1,39.9,9.71,37.4,17.32,33.5,40.48,41.4,33.45,34.9,36.25,27.1,21.29,26.3,9.11,28.8,3.05,35.5,22.64,35.3,26.09,32,63.84,41.3,23.47,48.7,16.87,28.5,6.17,28.1,49.91,26.4,67.77,30.7,4.63,51.5,18.62,47.9,10.46,43.9,11.54,33.1,23.89,36.2,27.56,36.9,19.37,40.9,25.33,28.1,27.64,26.2,29.57,36.2,32.22,28.8,47.18,37.8,14.34,40.2,22.07,24.6,8.5,33.2,39.16,41,54.34,40.5,19.02
2014-01,41.7,19.6,31.5,8.78,30.5,48.86,35.8,45.65,27.2,18.37,28.1,45.87,47.8,6.25,51.5,16.03,34,45.01,47.3,21.99,39.2,13.46,52.7,13.21,48.6,14.43,35.6,29.36,25.9,30.09,28.4,49.64,44.3,12.96,45,11.31,41.6,6.9,34.6,28.14,26.8,42.18,32.3,41.01,37.6,9.62,31.1,47.95,35.8,27.02,50.4,4.04,30.9,24.5,27.8,43.5,39.4,10.22,38.8,18.16,31.9,43.23,39.8,34.01,34.7,36.2,27,22.38,27.3,9.38,26.8,3.22,35.1,23.77,37.7,27.82,31.2,67.29,41.3,25.02,48.7,17.63,26.8,6.56,28.6,49.11,26.8,68.1,30.7,4.85,50.5,19.07,50.7,11.07,43.2,11.99,32.8,24.67,35.6,28.15,36,20.36,39.9,24.9,26.1,28.56,25.7,30.59,36.1,33.4,28.4,48.04,37,14.89,41.2,23.76,24,8.61,34,40.42,41,56.72,40.1,19.74
2015-01,41.7,20.17,32.4,9.08,30.5,49.39,35.8,45.33,25.6,17.59,27.7,46.87,46.7,6.65,51.3,15.47,34,43.99,47.7,22.01,38.6,14.4,51.1,13.81,48.4,14.92,34,31.98,25.9,31.42,28.2,50.56,45.2,13.96,46,11.23,40.6,7.11,32.7,28.57,27.1,42.95,32.7,41.72,36.5,9.82,31.7,48.77,36,26.94,49.6,4.23,30.4,25.46,27.8,46.48,39.7,10.7,39.5,17.86,31.8,52.99,39.8,35.13,35.4,36.65,26.8,23.62,26.5,9.94,29,3.32,34.2,24.69,37.4,27.78,33.8,67.59,41,26.38,48.7,17.83,27,6.44,28.2,50.34,27.5,63.03,33.5,5.05,50.8,20.04,47.6,11.36,43.4,12.5,31.8,25.88,35.5,28.87,35.9,21.13,37.7,23.4,26.5,28.95,25.4,30.66,36.2,34.9,29.2,49.42,36,15.45,42.9,25.34,25.5,7.88,33.2,41.54,41,58.32,40.2,20.35
2016-01,42,19.69,32.5,9.01,30.5,51.81,35.8,46.19,25.3,17.27,27.7,48.31,44.6,7.02,53.7,15.01,34,44.5,47.7,22.25,38.6,15.45,50.8,14.11,48.7,15.57,34,33,25.9,32.95,28.2,51.99,45.7,14.85,45,11.01,40,7.3,32.7,30.2,27.1,44.24,32.7,42.94,36.6,9.99,31.7,50.74,36,27.27,50,4.36,30.4,26.48,27.8,50.32,38.6,11.23,40,20.21,31.8,57.92,38.9,37.12,35.4,39.29,27.2,22.93,26.7,10.33,26.8,3.38,34.2,25.81,37.4,29.22,33.8,68.87,41,27.46,48.3,18.29,26.3,6.79,28.2,50.58,27.5,60.6,33.5,5.28,50.4,20.89,47.9,11.79,43.6,12.85,31.8,26.64,35.5,30.29,35.9,23.24,37.7,23.41,26.5,30.32,25.4,32.35,36.2,36.65,29.2,49.76,36.9,16.16,41.9,25.87,25,8.21,33.2,42.5,41.5,58.95,39.7,20.75
2017-01,41.2,20.31,33.6,9.96,30.5,53.46,35.8,48.28,25.4,18.2,27.7,50.76,44,7.27,53.3,15.37,34,46.26,46.6,23.26,38.6,16.77,49.7,14.24,48.3,16.11,34,35.17,25.9,35.68,28.2,55.56,45.7,15.59,44.7,11.24,38,7.53,32.7,32.79,27.1,46.74,32.7,45.31,37.9,10.63,31.7,53.39,36,28.64,50.5,4.57,30.4,27.99,27.8,54.14,38.1,11.88,40,21.05,31.8,61.17,38.9,38.47,35.4,41.43,27.5,23.61,29,10.97,27.3,3.55,34.2,27.99,37.4,32.07,33.8,71.31,41,29.18,48.3,18.94,25.9,7.25,28.2,54.91,27.5,64.76,33.5,5.53,49.9,22.19,48.8,12.57,43.3,13.14,31.8,28.69,35.5,32.01,35.9,25.97,37.7,25.08,26.5,31.73,25.4,35.49,36.2,38.88,29.2,52.66,36.5,17.12,41.9,27.55,25,8.46,33.2,44.84,41.5,60.99,39.5,21.38
